word	count	cosine_distance	d_rank	e_rank	sum_rank
häh	17	0.2259348530997045	24	2	26
nyt	7	0.24716096557456615	75	18	93
kultaseni	5	0.24534492630844595	96	13	109
