word	count	cosine_distance	d_rank	e_rank	sum_rank
häh	13	0.2259348530997045	25	2	27
nyt	7	0.24716096557456615	58	18	76
