word	count	cosine_distance	d_rank	e_rank	sum_rank
huh	33	0.1591836777829878	17	0	17
oké	78	0.2028349237298176	9	9	18
mam	28	0.20227130269427074	20	8	28
pap	23	0.21126219003529415	27	13	40
hè	13	0.18178643116147591	40	5	45
papa	14	0.21881730216799905	39	19	58
hé	8	0.18057492249715856	75	4	79
eh	7	0.21342317372409889	83	15	98
