word	count	cosine_distance	d_rank	e_rank	sum_rank
ha	166	0.2310131395040178	8	2	10
huh	26	0.2374311164706815	28	4	32
