word	count	cosine_distance	d_rank	e_rank	sum_rank
ha	233	0.2310131395040178	11	2	13
tatlım	78	0.2476474238289298	20	7	27
huh	49	0.2374311164706815	27	4	31
bebeğim	15	0.2555155372209432	104	11	115
ahbap	5	0.2327704531773789	459	3	462
kanka	3	0.26221491670721125	727	13	740
dostum	2	0.2177941792034784	1259	0	1259
